state || interest
California || Griffith Observatory
California || Hollywood Sign viewpoints
California || The Getty Center
California || Santa Monica Pier
California || Venice Beach Boardwalk
California || Malibu Point Dume
California || Getty Villa
California || Universal Studios Hollywood
California || The Broad
California || Walt Disney Concert Hall
California || La Brea Tar Pits
California || LACMA
California || Rodeo Drive
California || Runyon Canyon Park
California || Hollywood Walk of Fame
California || Disneyland Park
California || Disney California Adventure
California || The Huntington Library and Botanical Gardens
California || Santa Barbara Mission
California || Santa Barbara County Courthouse
California || Solvang
California || Pismo Beach
California || Hearst Castle
California || Big Sur Coastline
California || McWay Falls
California || Monterey Bay Aquarium
California || Joshua Tree National Park
California || Keys View
California || Hidden Valley Nature Trail
California || Cholla Cactus Garden
California || Palm Springs Aerial Tramway
California || Indian Canyons, Palm Springs
California || Anza-Borrego Desert State Park
California || Borrego Springs metal sculptures
California || Salton Sea shoreline viewpoints
California || Salvation Mountain
California || Mojave National Preserve
California || Kelso Dunes
California || Hole-in-the-Wall Rings Loop area
California || Calico Ghost Town
California || Amboy Crater
California || Elmer's Bottle Tree Ranch
California || Manzanar National Historic Site
California || Alabama Hills
California || Lone Pine Film History Museum
California || Mammoth Lakes
California || Devils Postpile National Monument
California || Mono Lake South Tufa
California || Yosemite Valley
California || Tunnel View, Yosemite
Nevada || Las Vegas Strip
Nevada || Bellagio Fountains
Nevada || Bellagio Conservatory
Nevada || The Sphere exterior
Nevada || High Roller Observation Wheel
Nevada || LINQ Promenade
Nevada || Fremont Street Experience
Nevada || The Neon Museum
Nevada || The Mob Museum
Nevada || Container Park
Nevada || Arts District murals
Nevada || Area15 and Omega Mart
Nevada || Red Rock Canyon Scenic Drive
Nevada || Calico Basin
Nevada || Ice Box Canyon trail area
Nevada || Spring Mountain Ranch State Park
Nevada || Mount Charleston scenic drive
Nevada || Lee Canyon ski area viewpoints
Nevada || Floyd Lamb Park at Tule Springs
Nevada || Tule Springs Fossil Beds National Monument
Nevada || Seven Magic Mountains
Nevada || Sloan Canyon National Conservation Area
Nevada || Henderson Water Street District
Nevada || Ethel M Cactus Garden
Nevada || Clark County Museum
Nevada || Springs Preserve
Nevada || Hoover Dam
Nevada || Mike O’Callaghan Pat Tillman Memorial Bridge
Nevada || Lake Mead overlook points
Nevada || Historic Railroad Tunnel Trail
Nevada || Boulder City historic district
Nevada || Boulder City Hoover Dam Museum
Nevada || Lake Las Vegas shoreline
Nevada || Nelson Ghost Town
Nevada || Eldorado Canyon Mine area
Nevada || Valley of Fire State Park
Nevada || Fire Wave viewpoint area
Nevada || Atlatl Rock
Nevada || Elephant Rock
Nevada || Rainbow Vista
Nevada || Overton town stop
Nevada || Pahranagat National Wildlife Refuge
Nevada || Cathedral Gorge State Park
Nevada || Kershaw-Ryan State Park
Nevada || Pioche historic town
Nevada || Ward Charcoal Ovens State Historic Park
Nevada || Great Basin National Park
Nevada || Lehman Caves
Nevada || Ely Nevada Northern Railway Museum
Nevada || Rhyolite Ghost Town
Arizona || Grand Canyon South Rim
Arizona || Mather Point
Arizona || Yavapai Point
Arizona || Desert View Watchtower
Arizona || South Kaibab Trail to Ooh Aah Point
Arizona || Bright Angel Trail first miles
Arizona || Grand Canyon Village historic district
Arizona || Cameron Trading Post area
Arizona || Horseshoe Bend
Arizona || Lower Antelope Canyon
Arizona || Upper Antelope Canyon
Arizona || Glen Canyon Dam overlook
Arizona || Lake Powell viewpoints
Arizona || Page town viewpoints
Arizona || Navajo Bridge viewpoints
Arizona || Lees Ferry historic area
Arizona || Vermilion Cliffs viewpoints
Arizona || Monument Valley Tribal Park scenic drive
Arizona || Forrest Gump Point
Arizona || Mexican Hat rock
Arizona || Valley of the Gods scenic drive
Arizona || Canyon de Chelly National Monument
Arizona || Four Corners Monument
Arizona || Sedona scenic viewpoints
Arizona || Cathedral Rock trail area
Arizona || Bell Rock and Courthouse Butte area
Arizona || Chapel of the Holy Cross
Arizona || Airport Mesa sunset area
Arizona || Oak Creek Canyon scenic drive
Arizona || Slide Rock State Park
Arizona || Tlaquepaque Arts Village
Arizona || Jerome historic district
Arizona || Prescott Whiskey Row
Arizona || Flagstaff downtown
Arizona || Lowell Observatory
Arizona || Walnut Canyon National Monument
Arizona || Sunset Crater Volcano National Monument
Arizona || Wupatki National Monument
Arizona || Meteor Crater
Arizona || Petrified Forest National Park
Arizona || Painted Desert viewpoints
Arizona || Winslow Standin on the Corner Park
Arizona || Williams Route 66 town
Arizona || Seligman Route 66 town
Arizona || Kingman Route 66 museums area
Arizona || Montezuma Castle National Monument
Arizona || Montezuma Well
Arizona || Tuzigoot National Monument
Arizona || Tonto Natural Bridge State Park
Arizona || Grand Falls, Little Colorado River
Utah || Zion National Park main canyon
Utah || Zion Canyon Scenic Drive shuttle corridor
Utah || The Narrows access
Utah || Angels Landing permit hike
Utah || Canyon Overlook Trail
Utah || Zion Mount Carmel Tunnel viewpoints
Utah || Kolob Canyons scenic drive
Utah || Bryce Canyon National Park amphitheater
Utah || Sunrise Point and Sunset Point
Utah || Navajo Loop trail area
Utah || Kodachrome Basin State Park
Utah || Red Canyon tunnels on UT 12
Utah || Utah Scenic Byway 12
Utah || Escalante town access
Utah || Lower Calf Creek Falls
Utah || Peekaboo Gulch area
Utah || Spooky Gulch area
Utah || Capitol Reef National Park
Utah || Fruita orchards
Utah || Capitol Reef Scenic Drive
Utah || Cassidy Arch trail area
Utah || Goblin Valley State Park
Utah || Little Wild Horse Canyon
Utah || San Rafael Swell viewpoints
Utah || Green River, Utah stop
Utah || Moab town base
Utah || Arches National Park
Utah || Delicate Arch trail area
Utah || Windows Section
Utah || Balanced Rock
Utah || Fiery Furnace viewpoint area
Utah || Canyonlands Island in the Sky
Utah || Mesa Arch sunrise area
Utah || Grand View Point
Utah || Dead Horse Point State Park
Utah || Corona Arch
Utah || Fisher Towers
Utah || Colorado River overlooks near Moab
Utah || Monument Valley Utah side viewpoints
Utah || Goosenecks State Park
Utah || Valley of the Gods scenic drive
Utah || Natural Bridges National Monument
Utah || Bears Ears region viewpoints
Utah || Newspaper Rock State Historical Monument
Utah || Hovenweep National Monument
Utah || Sand Hollow State Park
Utah || Snow Canyon State Park
Utah || Cedar Breaks National Monument
Utah || Bonneville Salt Flats
Utah || Antelope Island State Park
Colorado || Denver Union Station
Colorado || RiNo Art District murals
Colorado || Denver Art Museum
Colorado || Denver Botanic Gardens
Colorado || Red Rocks Amphitheatre
Colorado || Lookout Mountain
Colorado || Golden downtown
Colorado || Coors Brewery tour area
Colorado || Boulder Pearl Street Mall
Colorado || Chautauqua Park Flatirons view
Colorado || Boulder Creek Path
Colorado || Rocky Mountain National Park
Colorado || Trail Ridge Road
Colorado || Bear Lake corridor area
Colorado || Estes Park riverwalk
Colorado || Mount Blue Sky Scenic Byway
Colorado || Georgetown Loop Railroad
Colorado || Loveland Pass
Colorado || Dillon Reservoir
Colorado || Frisco Main Street
Colorado || Breckenridge historic district
Colorado || Vail village
Colorado || Glenwood Springs hot springs
Colorado || Hanging Lake permit hike
Colorado || Aspen downtown
Colorado || Maroon Bells timed entry area
Colorado || Independence Pass
Colorado || Leadville historic district
Colorado || Colorado Springs Old Colorado City
Colorado || Garden of the Gods
Colorado || Manitou Springs
Colorado || Pikes Peak Highway
Colorado || Air Force Academy viewpoints
Colorado || Royal Gorge Bridge and Park
Colorado || Colorado National Monument
Colorado || Grand Junction riverfront
Colorado || Palisade wine region
Colorado || Great Sand Dunes National Park
Colorado || Zapata Falls
Colorado || Black Canyon of the Gunnison
Colorado || Curecanti National Recreation Area
Colorado || Rocky Mountain Arsenal National Wildlife Refuge
Colorado || Cherry Creek State Park
Colorado || Denver City Park
Colorado || Union Station food hall crawl
Colorado || Larimer Square area
Colorado || Denver Museum of Nature and Science
Colorado || Boulder Flagstaff Mountain viewpoints
Colorado || Nederland, Colorado stop
Colorado || Brainard Lake Recreation Area
Montana || Glacier National Park West Entrance
Montana || Going to the Sun Road
Montana || Logan Pass
Montana || Highline Trail access
Montana || Hidden Lake Overlook trail
Montana || Trail of the Cedars
Montana || Avalanche Lake trail
Montana || Lake McDonald shoreline
Montana || Apgar Village
Montana || McDonald Falls
Montana || Johns Lake Loop trail
Montana || Many Glacier region
Montana || Many Glacier Hotel
Montana || Swiftcurrent Lake viewpoints
Montana || Grinnell Lake trail
Montana || Grinnell Glacier trail access
Montana || St. Mary Lake viewpoints
Montana || Wild Goose Island Overlook
Montana || Sun Point Nature Trail
Montana || Two Medicine region
Montana || Running Eagle Falls
Montana || Aster Park overlook area
Montana || East Glacier village
Montana || West Glacier village
Montana || Polebridge Mercantile area
Montana || Bowman Lake road and shoreline
Montana || Kintla Lake area
Montana || Whitefish town
Montana || Whitefish Lake State Park
Montana || Whitefish Mountain Resort summer rides
Montana || Kalispell downtown
Montana || Hungry Horse Reservoir
Montana || Bigfork village
Montana || Flathead Lake shoreline
Montana || Wild Horse Island State Park
Montana || Kootenai Falls
Montana || Ross Creek Cedars Scenic Area
Montana || Libby Dam viewpoints
Montana || Great Falls riverwalk
Montana || Giant Springs State Park
Montana || C M Russell Museum
Montana || Helena state capitol area
Montana || Gates of the Mountains boat tour area
Montana || Bozeman downtown
Montana || Museum of the Rockies
Montana || Hyalite Canyon access
Montana || Livingston downtown
Montana || Chico Hot Springs area
Montana || National Bison Range
Montana || Missoula riverfront
South Dakota || Badlands National Park scenic loop
South Dakota || Badlands Loop Road pullouts
South Dakota || Big Badlands Overlook
South Dakota || Sage Creek Rim Road area
South Dakota || Ben Reifel Visitor Center
South Dakota || Wall Drug Store
South Dakota || Minuteman Missile National Historic Site
South Dakota || Prairie Homestead Historic Site
South Dakota || Pioneer Auto Show, Murdo
South Dakota || Black Hills National Forest scenic drives
South Dakota || Custer State Park
South Dakota || Wildlife Loop Road
South Dakota || Needles Highway
South Dakota || Iron Mountain Road
South Dakota || Sylvan Lake
South Dakota || Black Elk Peak trail area
South Dakota || Mount Rushmore National Memorial
South Dakota || Crazy Horse Memorial
South Dakota || Jewel Cave National Monument
South Dakota || Wind Cave National Park
South Dakota || The Mammoth Site
South Dakota || Hot Springs town
South Dakota || Spearfish Canyon Scenic Byway
South Dakota || Roughlock Falls
South Dakota || Spearfish downtown
South Dakota || Deadwood Historic District
South Dakota || Mount Moriah Cemetery
South Dakota || Lead Homestake Visitor Center
South Dakota || Sturgis Main Street
South Dakota || Bear Butte State Park
South Dakota || Reptile Gardens
South Dakota || Bear Country USA
South Dakota || Rapid City Art Alley
South Dakota || Dinosaur Park, Rapid City
South Dakota || Chapel in the Hills
South Dakota || 1880 Train, Hill City
South Dakota || Hill City downtown
South Dakota || Keystone town stop
South Dakota || Prairie Berry Winery, Hill City area
South Dakota || Corn Palace, Mitchell
South Dakota || Dignity Statue, Chamberlain
South Dakota || Missouri River overlook, Chamberlain
South Dakota || Falls Park, Sioux Falls
South Dakota || SculptureWalk Sioux Falls
South Dakota || Good Earth State Park at Blood Run
South Dakota || Palisades State Park
South Dakota || Fort Sisseton State Park
South Dakota || Nicollet Tower, Sisseton
South Dakota || Sica Hollow State Park
South Dakota || Big Stone Lake State Park
North Dakota || Fargo downtown
North Dakota || Plains Art Museum
North Dakota || Fargo Air Museum
North Dakota || Red River Zoo
North Dakota || Bonanzaville USA
North Dakota || Fargo riverfront trails
North Dakota || Downtown Fargo murals
North Dakota || Brewhalla food hall and shops
North Dakota || West Fargo Bonanzaville area
North Dakota || Buffalo River State Park (nearby)
North Dakota || Wahpeton Chahinkapa Zoo
North Dakota || The Red River of the North riverbanks
North Dakota || Gooseberry Park, Fargo
North Dakota || Lindenwood Park, Fargo
North Dakota || North Dakota State University campus area
North Dakota || Fargo Theatre marquee photo stop
North Dakota || Frontier Village, Jamestown
North Dakota || National Buffalo Museum, Jamestown
North Dakota || World’s Largest Buffalo Monument, Jamestown
North Dakota || Jamestown Reservoir
North Dakota || Valley City Highline Bridge
North Dakota || Lake Ashtabula
North Dakota || Fort Ransom State Park
North Dakota || Sheyenne National Grassland
North Dakota || Devils Lake shoreline
North Dakota || Fort Totten State Historic Site
North Dakota || Sullys Hill National Game Preserve
North Dakota || Spirit Lake Casino area viewpoints
North Dakota || Grand Forks downtown
North Dakota || North Dakota Museum of Art, Grand Forks
North Dakota || Ralph Engelstad Arena exterior
North Dakota || Greenway trails in Grand Forks
North Dakota || University of North Dakota campus area
North Dakota || Pembina Gorge State Recreation Area
North Dakota || Pembina State Museum
North Dakota || Icelandic State Park
North Dakota || Grafton floodwall murals
North Dakota || Turtle River State Park
North Dakota || Red River Valley scenic backroads
North Dakota || Historic grain elevator photo stops
North Dakota || Local prairie birding pullouts
North Dakota || Diner stop in a small town
North Dakota || Fargo coffee crawl
North Dakota || Fargo brewery crawl
North Dakota || Goose River Brewing
North Dakota || Rustic roadside farm stands
North Dakota || Red River confluence viewpoints
North Dakota || Local baseball game in Fargo area
North Dakota || North Dakota Heritage Center and State Museum
North Dakota || North Dakota State Capitol grounds
Minnesota || Stone Arch Bridge area, Minneapolis
Minnesota || Minnehaha Falls
Minnesota || Minneapolis Sculpture Garden
Minnesota || Guthrie Theater overlook
Minnesota || Mill City Museum
Minnesota || Walker Art Center
Minnesota || Minneapolis Institute of Art
Minnesota || Bde Maka Ska
Minnesota || Lake of the Isles
Minnesota || Como Park Zoo and Conservatory
Minnesota || Cathedral of Saint Paul
Minnesota || Minnesota State Capitol
Minnesota || Science Museum of Minnesota
Minnesota || Mall of America
Minnesota || Fort Snelling State Park
Minnesota || Minnesota Landscape Arboretum
Minnesota || Stillwater historic river town
Minnesota || Taylor Falls and Interstate State Park
Minnesota || Afton State Park
Minnesota || Saint Croix River viewpoints
Minnesota || Red Wing river bluffs
Minnesota || Barn Bluff, Red Wing
Minnesota || Lake Pepin shoreline
Minnesota || Frontenac State Park
Minnesota || Hastings river town
Minnesota || River Road drive, Saint Paul to Hastings
Minnesota || Minneopa State Park
Minnesota || Mankato riverfront
Minnesota || Nerstrand Big Woods State Park
Minnesota || Cannon Falls stop
Minnesota || Stillwater lift bridge viewpoints
Minnesota || Lutsen Mountains summer gondola
Minnesota || Duluth Canal Park
Minnesota || Aerial Lift Bridge, Duluth
Minnesota || Enger Tower, Duluth
Minnesota || Split Rock Lighthouse
Minnesota || Gooseberry Falls State Park
Minnesota || Tettegouche State Park
Minnesota || North Shore scenic pullouts
Minnesota || Itasca State Park
Minnesota || Mississippi Headwaters at Itasca
Minnesota || Brainerd lakes area
Minnesota || Gull Lake shoreline
Minnesota || Alexandria lakes chain
Minnesota || Carlos Creek Winery
Minnesota || Otter Tail Lake area
Minnesota || Glendalough State Park
Minnesota || Minneapolis food hall crawl
Minnesota || Northeast Minneapolis breweries
Minnesota || Minneapolis skyline night photo spot
